customerID,tenure,Contract,InternetService,PaymentMethod,MonthlyCharges,churn_risk
7216-EWTRS,1,Month-to-month,Fiber optic,Electronic check,100.8,0.9474004
5419-JPRRN,1,Month-to-month,Fiber optic,Electronic check,101.45,0.9333474
9497-QCMMS,1,Month-to-month,Fiber optic,Electronic check,93.55,0.9314585
5178-LMXOP,1,Month-to-month,Fiber optic,Electronic check,95.1,0.9281185
9300-AGZNL,1,Month-to-month,Fiber optic,Electronic check,94.0,0.9275746
0107-YHINA,1,Month-to-month,Fiber optic,Electronic check,99.75,0.9200553
4910-GMJOT,1,Month-to-month,Fiber optic,Electronic check,94.6,0.9180918
8149-RSOUN,1,Month-to-month,Fiber optic,Electronic check,93.85,0.9180918
8775-LHDJH,1,Month-to-month,Fiber optic,Electronic check,90.6,0.91477793
0295-PPHDO,1,Month-to-month,Fiber optic,Electronic check,95.45,0.91372436
1069-XAIEM,1,Month-to-month,Fiber optic,Electronic check,85.05,0.9094022
6894-LFHLY,1,Month-to-month,Fiber optic,Electronic check,75.75,0.90382403
9248-OJYKK,1,Month-to-month,Fiber optic,Electronic check,76.45,0.90382403
3178-FESZO,1,Month-to-month,Fiber optic,Credit card (automatic),100.25,0.90266526
3988-RQIXO,1,Month-to-month,Fiber optic,Electronic check,91.3,0.9021531
2609-IAICY,1,Month-to-month,Fiber optic,Electronic check,77.15,0.9021383
6861-XWTWQ,7,Month-to-month,Fiber optic,Electronic check,99.25,0.8992267
6567-HOOPW,1,Month-to-month,Fiber optic,Electronic check,79.2,0.8991329
9282-IZGQK,1,Month-to-month,Fiber optic,Electronic check,85.0,0.8966056
3158-MOERK,2,Month-to-month,Fiber optic,Electronic check,96.0,0.89598656
5192-EBGOV,1,Month-to-month,Fiber optic,Electronic check,85.7,0.89509773
3068-OMWZA,1,Month-to-month,Fiber optic,Electronic check,88.8,0.8943477
7024-OHCCK,2,Month-to-month,Fiber optic,Electronic check,93.85,0.89290744
4826-XTSOH,1,Month-to-month,Fiber optic,Electronic check,86.05,0.8926641
7181-BQYBV,1,Month-to-month,Fiber optic,Electronic check,102.45,0.8909626
7493-TPUWZ,1,Month-to-month,Fiber optic,Electronic check,79.15,0.89059794
4102-OQUPX,1,Month-to-month,Fiber optic,Electronic check,74.4,0.88973314
0723-DRCLG,1,Month-to-month,Fiber optic,Electronic check,74.45,0.88973314
6618-RYATB,1,Month-to-month,Fiber optic,Mailed check,79.55,0.889106
4424-TKOPW,2,Month-to-month,Fiber optic,Electronic check,93.85,0.88769776
2720-WGKHP,2,Month-to-month,Fiber optic,Electronic check,94.0,0.88769776
6521-YYTYI,1,Month-to-month,Fiber optic,Electronic check,93.3,0.887421
4988-IQIGL,1,Month-to-month,Fiber optic,Electronic check,75.35,0.8872405
8884-ADFVN,7,Month-to-month,Fiber optic,Electronic check,101.95,0.88691753
9681-OXGVC,5,Month-to-month,Fiber optic,Electronic check,100.5,0.885806
0495-RVCBF,1,Month-to-month,Fiber optic,Electronic check,79.7,0.88560855
5494-HECPR,1,Month-to-month,Fiber optic,Electronic check,80.25,0.88506913
8058-INTPH,1,Month-to-month,Fiber optic,Electronic check,79.65,0.88506913
7851-WZEKY,2,Month-to-month,Fiber optic,Electronic check,95.15,0.88490224
8580-AECUZ,1,Month-to-month,Fiber optic,Electronic check,79.1,0.8841715
3551-HUAZH,1,Month-to-month,Fiber optic,Electronic check,74.4,0.88386214
5240-IJOQT,1,Month-to-month,Fiber optic,Electronic check,74.7,0.88386214
1833-VGRUM,1,Month-to-month,Fiber optic,Electronic check,74.2,0.88386214
4912-PIGUY,1,Month-to-month,Fiber optic,Electronic check,84.6,0.88385075
6023-YEBUP,3,Month-to-month,Fiber optic,Electronic check,100.95,0.8836521
7594-RQHXR,1,Month-to-month,Fiber optic,Electronic check,79.6,0.8813257
6513-EECDB,1,Month-to-month,Fiber optic,Electronic check,73.55,0.8811217
5919-TMRGD,1,Month-to-month,Fiber optic,Electronic check,79.35,0.88076895
2506-TNFCO,1,Month-to-month,Fiber optic,Electronic check,69.55,0.8802678
2012-NWRPA,11,Month-to-month,Fiber optic,Electronic check,99.55,0.8799785
0137-OCGAB,1,Month-to-month,Fiber optic,Mailed check,80.2,0.87996364
9305-CDSKC,8,Month-to-month,Fiber optic,Electronic check,99.65,0.87982565
4822-RVYBB,8,Month-to-month,Fiber optic,Electronic check,100.6,0.87574565
8603-IJWDN,1,Month-to-month,Fiber optic,Electronic check,86.6,0.8750089
8473-VUVJN,1,Month-to-month,Fiber optic,Electronic check,73.65,0.87485653
0021-IKXGC,1,Month-to-month,Fiber optic,Electronic check,72.1,0.87485653
4871-JTKJF,1,Month-to-month,Fiber optic,Electronic check,69.65,0.8739641
8375-DKEBR,1,Month-to-month,Fiber optic,Electronic check,69.6,0.8739641
2636-ALXXZ,1,Month-to-month,Fiber optic,Electronic check,69.6,0.8739641
7206-GZCDC,1,Month-to-month,Fiber optic,Electronic check,69.25,0.8739641
2545-EBUPK,2,Month-to-month,Fiber optic,Electronic check,84.05,0.873568
2725-KXXWT,1,Month-to-month,Fiber optic,Electronic check,90.75,0.873245
6230-BSUXY,1,Month-to-month,Fiber optic,Electronic check,85.0,0.8732121
1400-MMYXY,3,Month-to-month,Fiber optic,Electronic check,105.9,0.87223226
7274-RTAPZ,1,Month-to-month,Fiber optic,Electronic check,90.55,0.87196785
4927-WWOOZ,2,Month-to-month,Fiber optic,Electronic check,91.45,0.8718085
5834-ASPWA,1,Month-to-month,Fiber optic,Electronic check,75.45,0.8717552
1374-DMZUI,4,Month-to-month,Fiber optic,Electronic check,94.3,0.87168205
9057-SIHCH,3,Month-to-month,Fiber optic,Electronic check,96.6,0.87160647
8098-LLAZX,4,Month-to-month,Fiber optic,Electronic check,95.45,0.8713052
0897-FEGMU,11,Month-to-month,Fiber optic,Electronic check,99.5,0.8712466
2968-SSGAA,10,Month-to-month,Fiber optic,Electronic check,100.6,0.8712041
0679-IDSTG,1,Month-to-month,Fiber optic,Electronic check,69.25,0.8709097
1455-UGQVH,10,Month-to-month,Fiber optic,Electronic check,98.5,0.87088364
2254-DLXRI,1,Month-to-month,Fiber optic,Mailed check,79.15,0.8698753
4587-VVTOX,6,Month-to-month,Fiber optic,Electronic check,105.3,0.8697774
9124-LHCJQ,1,Month-to-month,Fiber optic,Mailed check,85.45,0.8689501
2514-GINMM,1,Month-to-month,Fiber optic,Electronic check,79.5,0.86832714
5960-WPXQM,1,Month-to-month,Fiber optic,Electronic check,79.05,0.86832714
1761-AEZZR,1,Month-to-month,Fiber optic,Electronic check,79.55,0.86832714
9300-RENDD,1,Month-to-month,Fiber optic,Electronic check,79.95,0.86832714
8740-CRYFY,1,Month-to-month,Fiber optic,Electronic check,78.95,0.86832714
6358-LYNGM,1,Month-to-month,Fiber optic,Electronic check,74.9,0.8679818
4415-IJZTP,1,Month-to-month,Fiber optic,Electronic check,74.5,0.8679818
4695-WJZUE,2,Month-to-month,Fiber optic,Electronic check,88.55,0.8675231
1875-QIVME,2,Month-to-month,Fiber optic,Electronic check,104.4,0.86746466
9787-XVQIU,1,Month-to-month,Fiber optic,Electronic check,75.3,0.8673666
3811-VBYBZ,7,Month-to-month,Fiber optic,Electronic check,99.8,0.86721826
5539-TMZLF,1,Month-to-month,Fiber optic,Electronic check,69.75,0.8668727
8062-YBDOE,1,Month-to-month,Fiber optic,Electronic check,69.65,0.8668727
0781-LKXBR,9,Month-to-month,Fiber optic,Electronic check,100.5,0.8665979
6496-SLWHQ,3,Month-to-month,Fiber optic,Electronic check,105.0,0.86597097
9546-CQJSU,2,Month-to-month,Fiber optic,Electronic check,91.4,0.8656839
5196-SGOAK,1,Month-to-month,Fiber optic,Electronic check,75.7,0.8640905
5567-WSELE,3,Month-to-month,Fiber optic,Electronic check,94.6,0.8630385
2868-MZAGQ,1,Month-to-month,Fiber optic,Electronic check,79.25,0.8627369
4078-SAYYN,11,Month-to-month,Fiber optic,Electronic check,100.75,0.86270064
2446-BEGGB,6,Month-to-month,Fiber optic,Electronic check,98.25,0.8622705
9885-CSMWE,1,Month-to-month,Fiber optic,Electronic check,78.45,0.8617353
8821-XNHVZ,1,Month-to-month,Fiber optic,Mailed check,80.05,0.8616146
1415-YFWLT,1,Month-to-month,Fiber optic,Electronic check,89.3,0.86060184
5167-ZFFMM,1,Month-to-month,Fiber optic,Credit card (automatic),90.85,0.86057377
1157-BQCUW,1,Month-to-month,Fiber optic,Electronic check,74.95,0.86017364
8816-VXNZD,1,Month-to-month,Fiber optic,Electronic check,75.1,0.86017364
1452-VOQCH,1,Month-to-month,Fiber optic,Electronic check,75.1,0.86017364
3049-SOLAY,3,Month-to-month,Fiber optic,Electronic check,95.2,0.8597261
2656-TABEH,4,Month-to-month,Fiber optic,Electronic check,100.2,0.85959625
3389-YGYAI,8,Month-to-month,Fiber optic,Electronic check,105.5,0.85936445
3296-SILRA,1,Month-to-month,Fiber optic,Mailed check,76.4,0.8583287
5299-SJCZT,3,Month-to-month,Fiber optic,Bank transfer (automatic),101.55,0.85709727
7503-ZGUZJ,1,Month-to-month,Fiber optic,Mailed check,84.65,0.8562422
9725-SCPZG,1,Month-to-month,Fiber optic,Electronic check,90.85,0.8558644
5150-ITWWB,3,Month-to-month,Fiber optic,Electronic check,94.85,0.85526425
1143-NMNQJ,2,Month-to-month,Fiber optic,Electronic check,85.7,0.8547461
6857-VWJDT,1,Month-to-month,Fiber optic,Mailed check,95.65,0.85474145
4614-NUVZD,1,Month-to-month,Fiber optic,Electronic check,81.1,0.854608
2004-OCQXK,1,Month-to-month,Fiber optic,Electronic check,81.95,0.854608
4806-HIPDW,1,Month-to-month,Fiber optic,Electronic check,68.95,0.8544466
5277-ZLOOR,2,Month-to-month,Fiber optic,Electronic check,85.55,0.8540244
5597-GLBUC,1,Month-to-month,Fiber optic,Electronic check,85.45,0.85317856
7450-NWRTR,12,Month-to-month,Fiber optic,Electronic check,99.45,0.8531417
2982-IHMFT,1,Month-to-month,Fiber optic,Mailed check,74.45,0.852538
0742-NXBGR,1,Month-to-month,Fiber optic,Electronic check,82.3,0.8502961
4844-JJWUY,1,Month-to-month,Fiber optic,Electronic check,86.0,0.8493378
7903-CMPEY,1,Month-to-month,Fiber optic,Electronic check,80.3,0.8492015
8161-QYMTT,7,Month-to-month,Fiber optic,Electronic check,94.1,0.8488114
0655-RBDUG,7,Month-to-month,Fiber optic,Bank transfer (automatic),98.05,0.8476165
7180-PISOG,1,Month-to-month,Fiber optic,Electronic check,74.5,0.84744036
0318-QUUOB,1,Month-to-month,Fiber optic,Electronic check,80.55,0.84741896
0488-GSLFR,1,Month-to-month,Fiber optic,Electronic check,69.5,0.8470196
7660-HDPJV,1,Month-to-month,Fiber optic,Electronic check,69.2,0.8470196
7665-TOALD,1,Month-to-month,Fiber optic,Electronic check,69.6,0.8470196
9728-FTTVZ,1,Month-to-month,Fiber optic,Electronic check,69.2,0.8470196
4750-ZRXIU,4,Month-to-month,Fiber optic,Electronic check,84.6,0.84692866
4626-GYCZP,7,Month-to-month,Fiber optic,Electronic check,93.85,0.8468809
1447-GIQMR,1,Month-to-month,Fiber optic,Electronic check,69.15,0.84645
7439-DKZTW,1,Month-to-month,Fiber optic,Electronic check,80.55,0.8459274
4550-EVXNY,1,Month-to-month,Fiber optic,Electronic check,69.65,0.8453254
2202-CUYXZ,1,Month-to-month,Fiber optic,Electronic check,84.85,0.84512496
2265-CYWIV,4,Month-to-month,Fiber optic,Electronic check,99.6,0.8450119
6416-TVAIH,1,Month-to-month,Fiber optic,Electronic check,68.5,0.8447506
7526-BEZQB,12,Month-to-month,Fiber optic,Electronic check,96.05,0.8444898
9507-EXLTT,1,Month-to-month,Fiber optic,Bank transfer (automatic),79.35,0.8418105
6688-UZPWD,11,Month-to-month,Fiber optic,Electronic check,102.0,0.8414111
3489-HHPFY,2,Month-to-month,Fiber optic,Electronic check,84.05,0.8413733
1450-GALXR,10,Month-to-month,Fiber optic,Electronic check,98.5,0.84097815
2660-EMUBI,10,Month-to-month,Fiber optic,Electronic check,95.35,0.8409035
9605-WGJVW,1,Month-to-month,Fiber optic,Electronic check,70.2,0.84010476
9488-HGMJH,1,Month-to-month,Fiber optic,Electronic check,71.15,0.84010476
8051-HJRLT,1,Month-to-month,Fiber optic,Electronic check,70.55,0.84010476
1846-XWOQN,1,Month-to-month,Fiber optic,Electronic check,70.15,0.84010476
5550-VFRLC,1,Month-to-month,Fiber optic,Electronic check,69.85,0.84010476
3878-AVSOQ,1,Month-to-month,Fiber optic,Electronic check,71.25,0.84010476
8000-REIQB,1,Month-to-month,Fiber optic,Electronic check,69.95,0.84010476
1273-MTETI,4,Month-to-month,Fiber optic,Electronic check,88.85,0.8398436
0259-GBZSH,2,Month-to-month,Fiber optic,Electronic check,85.65,0.8398339
8372-JUXUI,1,Month-to-month,Fiber optic,Electronic check,74.35,0.83972305
0196-VULGZ,6,Month-to-month,Fiber optic,Electronic check,84.35,0.8395866
6457-USBER,1,Month-to-month,Fiber optic,Electronic check,80.8,0.8395618
1363-TXLSL,1,Month-to-month,Fiber optic,Electronic check,70.3,0.83951414
5052-PNLOS,3,Month-to-month,Fiber optic,Bank transfer (automatic),105.35,0.8387152
6457-GIRWB,1,Month-to-month,Fiber optic,Electronic check,69.35,0.83869207
3716-BDVDB,1,Month-to-month,Fiber optic,Electronic check,69.1,0.83869207
6502-MJQAE,1,Month-to-month,Fiber optic,Electronic check,69.6,0.83869207
7254-IQWOZ,1,Month-to-month,Fiber optic,Electronic check,69.65,0.83869207
3428-XZMAZ,1,Month-to-month,Fiber optic,Electronic check,69.35,0.83869207
1820-TQVEV,1,Month-to-month,Fiber optic,Electronic check,69.55,0.83869207
2982-VPSGI,11,Month-to-month,Fiber optic,Electronic check,94.0,0.8384198
6474-FVJLC,2,Month-to-month,Fiber optic,Electronic check,86.0,0.8384076
7943-RQCHR,9,Month-to-month,Fiber optic,Electronic check,94.75,0.8380722
2462-XIIJB,5,Month-to-month,Fiber optic,Electronic check,92.5,0.837692
3027-ZTDHO,1,Month-to-month,Fiber optic,Electronic check,89.9,0.83736336
0970-ETWGE,1,Month-to-month,Fiber optic,Electronic check,89.55,0.83736336
6960-HVYXR,1,Month-to-month,Fiber optic,Electronic check,76.0,0.8355193
6996-KNSML,1,Month-to-month,Fiber optic,Electronic check,74.9,0.83452344
5519-NPHVG,12,Month-to-month,Fiber optic,Electronic check,94.2,0.8336063
1977-STDKI,1,Month-to-month,Fiber optic,Electronic check,73.0,0.8331229
5380-AFSSK,5,Month-to-month,Fiber optic,Mailed check,93.9,0.83231074
8775-ERLNB,1,Month-to-month,Fiber optic,Electronic check,74.3,0.8321774
9019-QVLZD,1,Month-to-month,Fiber optic,Electronic check,79.55,0.831934
6356-ELRKD,1,Month-to-month,Fiber optic,Electronic check,95.6,0.83184856
9603-OAIHC,1,Month-to-month,Fiber optic,Electronic check,70.05,0.8314756
8644-XLFBW,1,Month-to-month,Fiber optic,Electronic check,71.65,0.8314756
0637-KVDLV,2,Month-to-month,Fiber optic,Electronic check,76.5,0.83143127
1618-CFHME,2,Month-to-month,Fiber optic,Electronic check,75.9,0.83143127
1455-ESIQH,1,Month-to-month,Fiber optic,Electronic check,89.1,0.8305553
3722-WPXTK,1,Month-to-month,Fiber optic,Electronic check,88.35,0.8305553
7577-SWIFR,1,Month-to-month,Fiber optic,Electronic check,89.25,0.8305553
0564-JJHGS,9,Month-to-month,Fiber optic,Electronic check,95.5,0.8302271
1628-BIZYP,1,Month-to-month,Fiber optic,Electronic check,85.0,0.8301747
8972-HJWNV,7,Month-to-month,Fiber optic,Electronic check,84.55,0.83014953
7409-KIUTL,1,Month-to-month,Fiber optic,Electronic check,71.0,0.82822007
3902-FOIGH,12,Month-to-month,Fiber optic,Electronic check,101.35,0.8277719
2754-SDJRD,8,Month-to-month,Fiber optic,Credit card (automatic),100.15,0.82758886
9399-APLBT,1,Month-to-month,Fiber optic,Electronic check,74.7,0.8268476
8779-QRDMV,1,Month-to-month,DSL,Electronic check,39.65,0.8264908
7294-TMAOP,1,Month-to-month,Fiber optic,Electronic check,90.55,0.8264429
5797-APWZC,1,Month-to-month,Fiber optic,Electronic check,90.6,0.8264429
2865-TCHJW,4,Month-to-month,Fiber optic,Electronic check,89.2,0.82621413
5134-IKDAY,1,Month-to-month,Fiber optic,Electronic check,69.8,0.82609427
